[
    {
        "id": "142428",
        "name": "Mr. Raju",
        "description": "The official Blogger Developers Network weblog.",
        "published": "May 23",
        "img": "./photo1.png",
        "profile": "./profile1.jpg",
        "time": "05"
      },
      
      {
        "id": "896543",
        "name": "Mr. Setara",
        "description": "How to get your first job as a self-taught programmer",
        "published": "July 19",
        "img": "./photo2.png",
        "profile": "./profile2.png",
        "time": "10"
      },
      {
        "id": "321390",
        "name": "Mina Mostafa",
        "description": "Building Blocks: From Algorithms to Applications.",
        "published": "Dec 27",
        "img": "./photo3.jpg",
        "profile": "./profile3.jpg",
        "time": "15"
      },
      {
        "id": "354654",
        "name": "Mr. Robin",
        "description": "The Programming Puzzle: Solving Challenges and Creating Solutions",
        "published": "March 14",
        "img": "./photo4.jpg",
        "profile": "./profile4.png",
        "time": "20"
      }
]
